Correlation, Value
0,0.00428123
0.1,0.00468339
0.2,0.0057768
0.3,0.00648492
0.4,0.00674043
0.5,0.00789921
0.6,0.00815276
0.7,0.00993962
0.8,0.00997437
0.9,0.0109105
1,0.0123514
